<?xml version="1.0" encoding="utf-8" ?>
<uexplugins>
    <plugin uexName="uexXmlHttpMgr" version="3.0.8" build = "8">
        <info>8:新增clearCookie接口</info>
        <build>7:onData添加第五个参数是服务器response的数据，方便调试</build>
        <build>6:新增getCookie接口</build>
        <build>5:uexXmlHttpMgr.open第四个参数timeOut为空或为0时默认请求超时时间为30*1000</build>
        <build>4:使用新版Xcode重新编译,支持arm64</build>
        <build>3:uexXmlHttpMgr修改PUT请求,DELETE请求</build>
        <build>2:修改上药项目的bug，去掉对https的判断</build>
        <build>1:修改上药项目的bug，去掉对url特殊处理的代码</build>
        <build>0:跨域异步请求功能插件</build>
	</plugin>
</uexplugins>
