<?xml version="1.0" encoding="utf-8"?>
<uexplugins>
    <plugin
        uexName="uexLoadingView" version="3.0.5" build="5">
        <info>5:修复openCircleLoading在ios7上背景不透明的BUG</info>
        <build>4:新增openCircleLoading接口</build>
        <build>3:uexLoadingView插件,修改open接口</build>
        <build>2:修改配置文件</build>
        <build>1:适配iOS5的版本</build>
        <build>0:uexLoadingView等待框插件</build>
    </plugin>
</uexplugins>
