<?xml version="1.0" encoding="utf-8" ?>
<uexplugins>
    <plugin uexName="uexXmlHttpMgr" version="3.0.17" build="17">
        <info>17:setPostData支持Number类型的value;除assets-library下的路径的文件,插件不再对图片做额外处理</info>
        <build>16:用AFNetWorking重构</build>
        <build>15:添加IDE支持</build>
        <build>14:删除info.plist</build>
        <build>13:添加国际化支持</build>
        <build>12:setAppVerify新增加appId的信息</build>
        <build>11:plugin目录下的子widget使用主widget的id和key做校验</build>
        <build>10:修改获取appkey的方法</build>
        <build>9:时间戳改为毫秒</build>
        <build>8:新增clearCookie接口</build>
        <build>7:onData添加第五个参数是服务器response的数据，方便调试</build>
        <build>6:新增getCookie接口</build>
        <build>5:uexXmlHttpMgr.open第四个参数timeOut为空或为0时默认请求超时时间为30*1000</build>
        <build>4:使用新版Xcode重新编译,支持arm64</build>
        <build>3:uexXmlHttpMgr修改PUT请求,DELETE请求</build>
        <build>2:修改上药项目的bug，去掉对https的判断</build>
        <build>1:修改上药项目的bug，去掉对url特殊处理的代码</build>
        <build>0:跨域异步请求功能插件</build>
	</plugin>
</uexplugins>
