<?xml version="1.0" encoding="utf-8"?>
<uexplugins>
    <plugin uexName="uexChatKeyboard" version="3.0.12" build="12">
        <info>12:修复关闭输入法后窗口显示不正常的bug</info>
        <build>11:修复一个在iOS9下可能导致APP崩溃的bug</build>
        <build>10:open添加可选参数，可以设置初始键盘页面为语音页面</build>
        <build>9:修复直接输入表情时输入框变形问题.修复联系点击录音按钮录音提示无法关闭问题</build>
        <build>8:修复输入内容过多时的显示问题</build>
        <build>7:新增方法onCommitJson回调，onCommit方法保持不变</build>
        <build>6:onCommit直接回调json对象,新增方法changeWebViewFrame</build>
        <build>5:新增API：隐藏键盘</build>
    	<build>4:新增API：获取键盘高度</build>
        <build>3:open方法参数改为json类型,可以设置默认文字，自定义语音输入时的提示框</build>
        <build>2:修复语音提示图片不显示的问题</build>
        <build>1:onCommit接口的参数使用json格式</build>
        <build>0:EUExChatKeyboard插件</build>
    </plugin>
</uexplugins>
