<?xml version="1.0" encoding="utf-8" ?>
<uexplugins>
  <plugin uexName="uexDocumentReader" version="3.0.6" build="6">
  	<info>6: 修复与打包时IOS状态栏设置相冲突的问题</info>
    <build>5: IDE证书更新</build>
    <build>4: 添加IDE支持</build>
    <build>3: 修复因文件路径为空造成的奔溃和读取txt文件乱码的问题</build>
    <build>2: 解决读取txt文件乱码,无法读取xls文件的bug</build>
    <build>1: 使用新版Xcode重新编译,支持arm64</build>
    <build>0: 阅读器功能插件</build>
  </plugin>
</uexplugins>