<?xml version="1.0" encoding="utf-8"?>
<uexplugins>
    <plugin
        uexName="uexScanner" version="3.1.7" build="7">
        <info>7:修改为ios7.0以上调用系统库扫描</info>
        <build>6:修复横屏扫描时图像显示异常的BUG</build>
        <build>5:添加可选参数charset，支持GBK编码的二维码</build>
        <build>4:重构:改用ZXing识别二维码;添加IDE支持</build>
        <build>3:修改二维码扫描UI图片</build>
        <build>2:修改资源图片</build>
        <build>1:UI适配iOS7以下系统</build>
        <build>0:二维码插件UI优化</build>
    </plugin>
</uexplugins>