<?xml version="1.0" encoding="utf-8"?>
<uexplugins>
    <plugin uexName="uexImage" version="3.0.7" build="7">
    	<info>7:修复7.x系统上一个导致卡死的bug;修复iPhone包在iPad上运行时的崩溃bug</info>
    	<build>6:修复pick图片方向不正确的bug</build>
    	<build>5:添加IDE支持</build>
    	<build>4:新增接口setIpadPopEnable</build>
    	<build>3:删去资源包中多余的info.plist</build>
    	<build>2:修复armv7环境会编译失败的bug</build>
    	<build>1:修复openCropper没有国际化的问题</build>
        <build>0:uexImage插件</build>
    </plugin>
</uexplugins>
