<?xml version="1.0" encoding="utf-8"?>
<uexplugins>
    <plugin
        uexName="uexDevice" version="3.0.6" build="6">
        <info>6:添加判断功能是否开启,以及打开设置界面接口</info>
        <build>5:添加IDE支持</build>
        <build>4:新增屏幕截图、调节屏幕亮度、调节系统音量、屏幕常亮控制、跳转WIFI界面相关接口</build>
        <build>3:设备列表更新</build>
        <build>2:支持获取4G网络状态</build>
        <build>1:修复在不显示状态栏时无法获取当前网络状态的bug</build>
        <build>0:设备能力功能插件</build>
    </plugin>
</uexplugins>
