<?xml version="1.0" encoding="utf-8"?>
<uexplugins>
    <plugin
        uexName="uexSina" version="3.0.7" build="7">
        <info>7:添加分享图片可以分享网络图片功能</info>
        <build>6:替换SinaSDK，重写授权登陆相关接口；新增login、logout、getUserInfo接口</build>
        <build>5:注册回调方法名统一修改为uexSina.cbRegisterApp</build>
        <build>4:增加新浪授权登录</build>
        <build>3:取消用户新浪微博对appcan的自动关注</build>
        <build>2:统一回调方法名，统一回调参数</build>
        <build>1:添加uexSina.registerCallBack成功的回调,修复点击分享黑屏的bug</build>
        <build>0:新浪分享功能插件</build>
    </plugin>
</uexplugins>