<?xml version="1.0" encoding="utf-8"?>
<uexplugins>
    <plugin
        uexName="uexQQ" version="3.0.14" build="14">
        <info>14:修改回调逻辑,解决presentWindow收不到回调的问题</info>
        <build>13:SDK更新为2.9.3(2015-11-03）,新增注销授权、获取用户信息接口</build>
        <build>12:删去腾讯SDK中的info.plist,防止ERROR ITMS-90049</build>
        <build>11:sdk版本升级至2.9.2</build>
        <build>10:删除bundle中info.plist的Executable字段,解决Xcode7上传报错的问题</build>
        <build>9:修复取消登录时cbLogin不触发的bug</build>
        <build>8:废弃分享到QQ好友中的cFlag参数</build>
        <build>7:uexQQ.cbLogin回调结构修正</build>
        <build>6:解决分享多张图片到QQ空间闪退的bug</build>
        <build>5:增加检查QQ客户端是否已安装的方法</build>
        <build>4:支持IDE</build>
        <build>3:支持IDE</build>
        <build>2:修复分享图文到QQ空间崩溃的bug</build>
        <build>1:更新第三方TencentOpenAPI.framework,支持arm64</build>
        <build>0:uexQQ QQ分享和QQ空间分享插件</build>
    </plugin>
</uexplugins>
