<?xml version="1.0" encoding="utf-8"?>
<uexplugins>
    <plugin uexName="uexInputTextFieldView" version="3.0.5" build="5">
        <info>5:修改键盘弹出时页面弹动，修改键盘收回时遮挡评论</info>
        <build>4:点击空白处收回键盘，添加setInputFocused接口，添加changeWebViewFrame接口，修改输入单引号收不到信息</build>
        <build>3:open接口参数改为json类型，添加placehold参数，可以设置输入框里默认显示的文字</build>
        <build>2:动画优化</build>
        <build>1:onCommit接口的参数使用json格式</build>
        <build>0:EUExInputTextFieldView插件</build>
    </plugin>
</uexplugins>
