<?xml version="1.0" encoding="utf-8" ?>
<uexplugins>
    <plugin uexName="uexVideo" version="3.0.5" build="5">
    	<info>5:优化视频播放和录制，部分接口进行了重做</info>
       	<build>4:改用bundle方式引入资源;支持IDE</build>
       	<build>3:重新编译，支持arm64</build>
       	<build>2:支持arm64</build>
       	<build>1:更换动画效果，修复在6.1.2上的显示问题</build>
       	<build>0:视频功能插件</build>
	</plugin>
</uexplugins>
