<?xml version="1.0" encoding="utf-8"?>
<uexplugins>
    <plugin
        uexName="uexEmail" version="3.0.5" build="5">
        <info>5:删除info.plist</info>
        <build>4:添加国际化支持</build>
        <build>3:修复设置多个附件时,不能正确读取协议路径文件的bug</build>
        <build>2:逻辑与文档保持一致</build>
        <build>1:使用新版Xcode重新编译,支持arm64</build>
        <build>0:邮件功能插件</build>
    </plugin>
</uexplugins>
