<?xml version="1.0" encoding="utf-8" ?>
<uexplugins>
    <plugin uexName="uexVideo" version="3.0.6" build="6">
    	<info>6:现在在强制全屏模式下,一定会显示关闭按钮</info>
    	<build>5:优化视频播放和录制，部分接口进行了重做</build>
       	<build>4:改用bundle方式引入资源;支持IDE</build>
       	<build>3:重新编译，支持arm64</build>
       	<build>2:支持arm64</build>
       	<build>1:更换动画效果，修复在6.1.2上的显示问题</build>
       	<build>0:视频功能插件</build>
	</plugin>
</uexplugins>
