<?xml version="1.0" encoding="utf-8"?>
<uexplugins>
    <plugin
        uexName="uexFileMgr" version="3.0.11" build="11">
        <info>11:新增cbWriteFile回调方法，优化RC4加密</info>
        <build>10:解决多选文件打开浏览器显示空白问题</build>
        <build>9:新增方法uexFileMgr.renameFile 重命名文件</build>
        <build>8:修复uexFileMgr.multiExplorer(path)中path参数无效的BUG</build>
        <build>7:修改创建时间接口的名称</build>
        <build>6:增加获取文件创建时间的新接口</build>
        <build>5:修改8.0以上系统崩溃问题</build>
        <build>4:适配文件浏览器横屏</build>
        <build>3:修复文件单选浏览器，文件多时无法滑动到底的BUG；修复单选和多选浏览器状态栏标题不一致问题</build>
        <build>2:修复uexFileMgr.seekFile方法指定位置后uexFileMgr.readNext方法还是从头读取的BUG</build>
        <build>1:修复选择本地照片崩溃的bug</build>
    </plugin>
</uexplugins>
