<?xml version="1.0" encoding="utf-8"?>
<uexplugins>
    <plugin
        uexName="uexFileMgr" version="3.0.24" build="24">
        <info>24:改用bundle方式引用资源，修复IDE插件文件浏览器图标丢失的bug</info>
        <build>23:修改工程为ARC;修复在复用窗口中使用时回调丢失的bug</build>
        <build>22:新增copyFile接口</build>
        <build>21:新增getFileSizeByPath接口</build>
        <build>20:修改能够直接返回到应用程序界面，而不能通过该页面返回到附件的父目录下</build>
        <build>19:添加IDE支持</build>
        <build>18:删除info.plist</build>
        <build>17:添加国际化支持</build>
        <build>16:getFileListByPath不再返回其子目录下的文件路径</build>
        <build>15:修复pptx和xlsx没有图标的问题</build>
        <build>14:getFileRealPath可以设定回调方法</build>
        <build>13:新增getFileListByPath</build>
        <build>12:新增方法search 搜索文件/文件夹</build>
        <build>11:新增cbWriteFile回调方法，优化RC4加密</build>
        <build>10:解决多选文件打开浏览器显示空白问题</build>
        <build>9:新增方法uexFileMgr.renameFile 重命名文件</build>
        <build>8:修复uexFileMgr.multiExplorer(path)中path参数无效的BUG</build>
        <build>7:修改创建时间接口的名称</build>
        <build>6:增加获取文件创建时间的新接口</build>
        <build>5:修改8.0以上系统崩溃问题</build>
        <build>4:适配文件浏览器横屏</build>
        <build>3:修复文件单选浏览器，文件多时无法滑动到底的BUG；修复单选和多选浏览器状态栏标题不一致问题</build>
        <build>2:修复uexFileMgr.seekFile方法指定位置后uexFileMgr.readNext方法还是从头读取的BUG</build>
        <build>1:修复选择本地照片崩溃的bug</build>
    </plugin>
</uexplugins>
