<?xml version="1.0" encoding="utf-8" ?>
<uexplugins>
    <plugin
        uexName="uexEasemob" version="3.0.14" build="14">
        <info>14:cbLogin回调结构修正</info>
        <build>13:修复发送位置经度为0的bug</build>
        <build>12:新增API:onGroupCreated</build>
        <build>11:新增API:getRecentChatters，onMessageSent</build>
        <build>10:SDK更新；EMGroup回调结构优化；支持IDE打包</build>
        <build>9:SDK更新，代码优化等，详见文档</build>
        <build>8:新增方法 发送视频消息等，详见文档</build>
        <build>7:优化了本地数据库的相关设置</build>
        <build>6:自动登录功能改在 初始化 中进行设置</build>
        <build>5:针对新版本做了一些代码优化</build>
        <build>4:支持自动登录，更新环信iOS SDK版本至V2.1.6</build>
        <build>3:新增了一个获取聊天对象信息的方法</build>
        <build>2:修复了回调信息不全引起程序崩溃的bug</build>
        <build>1:修正了多次初始化会导致程序卡死的bug</build>
        <build>0:环信(Easemob)插件 for iOS</build>

    </plugin>
</uexplugins>
