<?xml version="1.0" encoding="utf-8"?>
<uexplugins>
    <plugin
        uexName="uexBaiduMap" version="3.1.19" build="19">
        <info>19.修复点击标注无法触发监听的bug</info>
        <build>18.升级SDK3.0.0-支持IPv6</build>
        <build>17.修复removeMakersOverlay接口传不当参数会闪退的问题</build>
        <build>16.增加对多种类型参数的识别,支持3.3引擎</build>
        <build>15.修改插件，使其支持config配置APIKey</build>
        <build>14.删除info.plist</build>
        <build>13.添加国际化支持</build>
        <build>12.修复onMapLongClickListener回调结果异常的bug</build>
        <build>11.修改uexBaiduMap.plist文件NSLocationWhenInUseUsageDescription字段对应value的类型为字符串</build>
        <build>10:新增onMarkerClickListener和onMarkerBubbleClickListener监听方法</build>
        <build>9:增加onZoomLevelChangeListener地图缩放级别改变时,获取缩放级别和中心点的监听</build>
        <build>8:增加隐藏地图hideMap和显示地图showMap的接口</build>
        <build>7:修复onMapClickListener和onMapDoubleClickListener的回调错误，添加cbOpen方法，添加onSearchRoutePlan方法</build>
        <build>6:修复手势问题</build>
        <build>5:修复新SDK定位失败问题</build>
        <build>4:更新百度地图iOS_SDK_2.6.0</build>
        <build>3:修复公交路线搜索失败的问题</build>
        <build>2:修复cbPoiSearchResult接口回调信息不完整的问题</build>
        <build>1:与安卓统一回调接口的参数</build>
        <build>0:百度地图iOS_SDK_2.5.0</build>
    </plugin>
</uexplugins>
