<?xml version="1.0" encoding="utf-8"?>
<uexplugins>
    <plugin uexName="uexImage" version="3.0.6" build="6">
    	<info>6:修复pick图片方向不正确的bug</info>
    	<build>5:添加IDE支持</build>
    	<build>4:新增接口setIpadPopEnable</build>
    	<build>3:删去资源包中多余的info.plist</build>
    	<build>2:修复armv7环境会编译失败的bug</build>
    	<build>1:修复openCropper没有国际化的问题</build>
        <build>0:uexImage插件</build>
    </plugin>
</uexplugins>
