<?xml version="1.0" encoding="utf-8"?>
<uexplugins>
    <plugin
        uexName="uexControl" version="3.0.12" build="12">
        <info>12:添加国际化支持</info>
        <build>11:插件现在支持iPad</build>
        <build>10:修复doRotate时的崩溃问题</build>
        <build>9:新增一个接口 允许设置取消按钮和确认按钮的标题字体颜色</build>
        <build>8:新增一个接口 只要年月</build>
        <build>7:uexControl插件适配iphone6和6+</build>
        <build>6:同一时间只允许打开一个picker</build>
        <build>5:uexControl插件和安卓统一</build>
        <build>4:修复uexControl.openTimePicker方法调不起的bug</build>
        <build>3:修复错误使用时的崩溃问题</build>
        <build>2:彻底修复输入框被键盘遮挡</build>
        <build>1:修复输入框被键盘遮挡</build>
        <build>0:时间日期选择功能插件</build>
    </plugin>
</uexplugins>
