<?xml version="1.0" encoding="utf-8" ?>
<uexplugins>
    <plugin uexName="uexUploaderMgr" version="3.0.6" build = "6">
        <info>6:支持https</info>
        <build>5:统一uexUploaderMgr插件Android和iOS的请求超时时间</build>
        <build>4:修复uexUploaderMgr插件设置请求头不成功的问题</build>
        <build>3:uexUploaderMgr插件新增setHeaders接口</build>
        <build>2:修复uexUploaderMgr.uploadFile接口不传"可选"参数会奔溃的bug</build>
        <build>1:修复上传过程中关闭window崩溃问题</build>
        <build>0:上传功能插件</build>
	</plugin>
</uexplugins>
