<?xml version="1.0" encoding="utf-8"?>
<uexplugins>
    <plugin
        uexName="uexIndexBar" version="3.0.7" build="7">
        <info>7:添加IDE支持</info>
        <build>6:索引表可以设置是否随网页滑动</build>
        <build>5:索引文字支持配置颜色和内容</build>
        <build>4:使用新版Xcode重新编译,支持arm64</build>
        <build>3:高亮背景颜色改成透明</build>
        <build>2:背景颜色改回透明</build>
        <build>1:统一Android和iOS的uexIndexBar.onTouchResult接口</build>
        <build>0:索引功能插件 </build>
    </plugin>
</uexplugins>
