<?xml version="1.0" encoding="utf-8"?>
<uexplugins>
    <plugin
        uexName="uexPDFReader" version="3.0.5" build="5">
        <info>5:改用bundle方式引用资源文件;添加IDE支持</info>
        <build>4:删除info.plist</build>
        <build>3:添加国际化支持</build>
        <build>2:解决在iOS8以上的版本中奔溃问题</build>
        <build>1:使用新版Xcode重新编译,支持arm64</build>
        <build>0:PDF阅读器功能插件</build>
    </plugin>
</uexplugins>
