<?xml version="1.0" encoding="utf-8"?>
<uexplugins>
    <plugin
        uexName="uexDownloaderMgr" version="3.0.5" build="5">
        <info>5:修改请求头的验证方法</info>
        <build>4:支持https,导入证书。</build>
        <build>3:支持https</build>
        <build>2:为和文档保持统一增加uexDownloaderMgr.cancelDownload接口</build>
        <build>1:新增setHeaders接口</build>
        <build>0:下载管理功能插件</build>
    </plugin>
</uexplugins>
